Name,CR,XP,Race,Class1,Class1_Lvl,Class2,Class2_Lvl,Alignment,Size,Type,subtype1,subtype2,subtype3,subtype4,subtype5,subtype6,AC,AC_Touch,AC_Flat-footed,HP,HD,Fort,Ref,Will,Melee,Ranged,Space,Reach,Str,Dex,Con,Int,Wis,Cha,Feats,Skills,RacialMods,Languages,SQ,Environment,Organization,Treasure,Group,Gear,OtherGear,CharacterFlag,CompanionFlag,Speed,Base_Speed,Fly_Speed,Maneuverability,Climb_Speed,Swim_Speed,Burrow_Speed,Speed_Special,Speed_Land,Fly,Climb,Burrow,Swim,VariantParent,ClassArchetypes,CompanionFamiliarLink,AlternateNameForm,id,UniqueMonster,MR,Mythic,MT,Source,,
Aasimar,0.50,200,Aasimar,cleric,1,,,NG,Medium,outsider,native,,,,,,15,10,15,11,1d8+3,4,0,5,heavy mace -1 (1d8-1),light crossbow +0 (1d8/19-20),5,5,8,10,14,13,17,14,Turn Undead,"Diplomacy +8, Heal +7, Knowledge (religion) +5","+2 Diplomacy, +2 Perception","Celestial, Common, Draconic",,any land,"solitary, pair, or team (3-6)","NPC gear (scale mail, heavy mace, light crossbow with 10 bolts, other treasure)",,,,1,0,30 ft. (20 ft. in armor),30,(20 in armor),,,,,,1,0,0,0,0,,,NULL,,20,0,0,0,0,PFRPG Bestiary,,
Abaia,10,"9,6",,,,,,N,Huge,magical beast,aquatic,,,,,,25,11,22,147,14d10+70,14,12,8,"bite +21 (3d6+8/19-20 plus grab), tail slap +15 (2d6+4 plus grab)",,15,15,26,16,21,17,14,17,"Critical Focus, Improved Critical (bite), Iron Will, Power Attack, Staggering Critical, Vital Strike, Weapon Focus (bite)","Knowledge (arcana) +17, Knowledge (nature) +17, Perception +19, Spellcraft +17, Stealth +12 (+24 in water), Swim +16",+12 Stealth in water,"Aquan, Sylvan; speak with animals","eldritch gizzard, wave rider",warm lakes,solitary,standard (particularly staves and wands),,,,0,0,"20 ft., swim 80 ft.",20,,,,,,,1,0,0,0,1,NULL,,NULL,,5134,0,0,0,0,PFRPG Bestiary 4,,
Aballonian,7,"3,2",,,,,,N,Medium,construct,,,,,,,20,12,18,75,10d10+20,3,7,5,2 claws +15 (1d8+4/19-20 plus grab),spark +12 touch (2d6 electricity),5,5,19,14,0,17,10,11,"Improved Critical (claw), Iron Will, Lightning Reflexes, Power Attack, Weapon Focus (claw)","Acrobatics +12 (+16 when jumping), Climb +22, Knowledge (engineering) +13, Perception +10, Stealth +12",,Common, shortwave 100 ft.,rebuild,Aballon,"solitary, pair, or network (3-6)",standard,,,,0,0,"40 ft., climb 20 ft.",40,,,,,,,1,0,1,0,0,,,NULL,,2501,0,0,0,0,Distant Worlds,
Abasheen Genie,7,"3,2",,,,,,N,Large,outsider,air,extraplanar,,,,,21,13,17,85,10d10+30,6,12,13,2 slams +12 (2d6+3) or masterwork falchion +13/+8 (2d6+3/18-20),,10,10,16,17,16,20,18,17,"Combat Casting, Dodge, Improved Initiative, Iron Will, Lightning Reflexes","Bluff +16, Diplomacy +16, Fly +22, Intimidate +16, Knowledge (arcana) +18, Knowledge (nobility) +18, Knowledge (planes) +18, Perception +17, Sense Motive +17, Spellcraft +15, Use Magic Device +13",,"Abyssal, Auran, Common, Celestial, Infernal; telepathy 100 ft.",,any (Elemental Plane of Air),"solitary, pair, or company (2-5)",standard,Genie,masterwork falchion,,0,0,"20 ft., fly 50 ft. (perfect)",20,,perfect,,,,,1,1,0,0,0,,,NULL,,2623,0,0,0,0,Tome of Horrors Complete,,
Aberrant,5,"1,6",,,,,,NE,Large,humanoid,giant,,,,,,19,8,19,60,8d8+24,9,1,4,Huge greatclub +12/+7 (4d6+9),,10,10,23,8,17,10,14,10,"Cleave, Power Attack, Vital Strike, Weapon Focus (greatclub)","Intimidate +11, Perception +9, Survival +9","-2 penalty to Charisma-based skills per deformity, except +2 bonus to Intimidate checks per deformity","Common, Giant","deformities, slow and steady",temperate mountains and underground,"solitary, gang (2-5), band (6-9 plus 35% noncombatants), hunting/raiding party (6-9), or tribe (21-30 plus 35% noncombatants plus 1-2 adepts, barbarians, clerics, or sorcerers of 3rd or 4th level)","standard (Huge-sized greatclub, hide armor, other treasure)",,,,1,0,20 ft.,20,,,,,,,1,0,0,0,0,,,NULL,,1840,0,0,0,0,Tome of Horrors Complete,,
Aboleth,7,"3,2",,,,,,LE,Huge,aberration,aquatic,,,,,,20,9,19,84,8d8+48,8,5,11,4 tentacles +10 (1d6+5 plus slime),,15,15,20,12,22,15,17,17,"Improved Initiative, Iron Will, Lightning Reflexes, Weapon Focus (tentacle)","Bluff +11, Intimidate +14, Knowledge (any one) +13, Perception +14, Spellcraft +13, Swim +24",,"Aboleth, Aklo, Aquan, Undercommon",,any aquatic,"solitary, pair, brood (3-6), or shoal (7-19)",double,,,,0,0,"10 ft., swim 60 ft.",10,,,,60,,,1,0,0,0,1,,,NULL,,21,0,0,0,0,PFRPG Bestiary,,
Abrikandilu,3,800,,,,,,CE,Medium,outsider,chaotic,demon,evil,extraplanar,,,15,10,15,32,5d10+5,5,4,3,"bite +7 (1d6+2 plus mutilation), 2 claws +7 (1d4+2)",improvised weapon +5 (1d6+2),5,5,15,11,12,6,10,13,"Improved Sunder, Iron Will, Power Attack, Throw AnythingB","Appraise +6, Climb +10, Disable Device +8, Perception +12",+4 Perception,"Abyssal, Celestial, Draconic; telepathy 100 ft.",,any (Abyss),"solitary, pair, or gang (3-12)",standard (all art objects are broken),Demon,,,0,0,30 ft.,30,,,,,,,1,0,0,0,0,NULL,,NULL,,4665,0,0,0,0,The Worldwound,,
Abyss Gigas,16,"76,8",,,,,,CE,Gargantuan,humanoid,chaotic,evil,extraplanar,giant,,,31,7,30,283,21d8+189,21,8,10,"mwk adamantine warhammer +25/+20/+15 (4d6+19/19-20/x3), bite +19 (2d8+6 plus wrenching spasms)",rock +13 (4d6+19),20,20,37,12,28,20,17,15,"Awesome Blow, Catch Off-Guard, Combat Reflexes, Greater Sunder, Improved Bull Rush, Improved Critical (warhammer), Improved Initiative, Improved Sunder, Power Attack, Stand Still, Throw Anything","Climb +32, Intimidate +26, Knowledge (planes) +26, Perception +27, Sense Motive +24, Stealth +5, Survival +27",,"Abyssal, Common, Giant",planar empowerment,any (Abyss),"solitary, pair, or gang (3-7)","standard (adamantine full plate, adamantine warhammer, other treasure)",Abyss,,,0,0,60 ft. (50 ft. in armor),60,,,(50 in armor),,,,1,0,0,0,0,,,NULL,,970,0,0,0,0,The Witchwar Legacy,,
Abyssal Harvester,17,"102,4",,,,,,CE,Gargantuan,aberration,chaotic,evil,extraplanar,,,,28,6,28,283,21d8+189,16,9,15,6 tentacles +22 (4d6+15/19-20 plus grab),,20,20,41,10,29,10,16,13,"Alertness, Awesome Blow, Blind-Fight, Cleave, Improved Bull Rush, Improved Critical (tentacle), Improved Grapple, Improved Natural Attack (tentacle), Lightning Reflexes, Power Attack, Weapon Focus (tentacle)","Intimidate +25, Knowledge (planes) +21, Perception +31, Sense Motive +5, Survival +27",,Abyssal,tentacle regeneration,the Abyss,solitary,standard,,,,0,0,20 ft.,20,,,,,,,1,0,0,0,0,,,NULL,,1841,0,0,0,0,Tome of Horrors Complete,,
Abyssal Larva,1,400,,,,,,CE,Medium,outsider,chaotic,evil extraplanar,,,,,14,10,14,8,1d10+3,2,2,0,bite +1 (1d4 plus 1d4 acid),maggot spray +1 (sickened),5,5,10,10,11,3,10,7,Toughness,"Perception +4, Stealth +4",,,tortured mind,the Abyss,"mob (4-7), brood (8-17)",none,,,,0,0,20 ft.,20,,,,,,,1,0,0,0,0,,,NULL,,1842,0,0,0,0,Tome of Horrors Complete,,
Abyssal Wolf,7,"3,2",,,,,,CE,Large,magical beast,chaotic,evil,extraplanar,,,,20,12,17,80,7d10+42,10,8,6,bite +11 (1d8+7 plus trip),,10,5,20,17,20,8,14,17,"Improved Initiative, Iron Will, Power Attack, Toughness","Perception +9 (+11 vs. half-fiends and tieflings), Sense Motive +2 (+4 vs. half-fiends and tieflings), Stealth +5",+2 Perception and Sense Motive vs. half-fiends and tieflings,"Abyssal, Common",,The Abyss,"solitary, pair, or pack (4-11)",none,,,,0,0,50 ft.,50,,,,,,,1,0,0,0,0,,,NULL,,3437,0,0,0,0,Tome of Horrors Complete,,
Accuser,3,800,,,,,,LE,Small,outsider,devil,evil,extraplanar,lawful,,,17,15,13,30,4d10+8,6,10,3,bite +5 (1d6 plus 1d6 acid and disease),,5,5,11,18,14,9,15,12,"Improved Initiative, Lightning Reflexes","Bluff +8, Fly +21, Knowledge (planes) +6, Perception +9, Stealth +15",,"Celestial, Draconic, Infernal; telepathy 100 ft.",infernal eye,any (Hell),"solitary, pair, or swarm (3-28)",standard,Devil,,,0,0,"20 ft., fly 60 ft. (perfect)",20,60,,,,,,1,1,0,0,0,,,NULL,Zebub,1160,0,0,0,0,PFRPG Bestiary 2,,
Achaierai,5,"1,6",,,,,,LE,Large,outsider,evil,extraplanar,lawful,,,,20,11,18,52,7d10+14,7,6,4,"bite +10 (2d6+4), 2 claws +10 (1d6+4)",,10,10 with claw,19,13,14,11,14,16,"Combat Reflexes, Dodge, Mobility, Spring Attack","Acrobatics +11 (+19 jump), Climb +14, Fly +0, Perception +12, Sense Motive +12, Stealth +7, Swim +14",,Infernal,,any land (Hell),solitary or flock (5-8),standard,,,,0,0,50 ft.,50,,,,,,,1,0,0,0,0,,,NULL,,1080,0,0,0,0,PFRPG Bestiary 2,,
Adamantine Cobra,3,800,,,,,,N,Small,construct,,,,,,,25,13,24,20,1d10+15,0,2,0,bite +3 (1d6+1 plus poison),,5,5,12,15,0,0,11,1,,Stealth +12,+6 Stealth,,find target,any,"solitary, pair, or nest (3-10)",none,Cobra,,,0,0,40 ft.,40,,,,,,,1,0,0,0,0,NULL,,NULL,,871,0,0,0,0,d20pfsrd,,
Adamantine Golem,19,"204,8",,,,,,N,Huge,construct,,,,,,,33,7,33,205,30d10+40,10,9,10,2 slams +41 (6d10+13/19-20),,15,15,36,9,0,0,11,1,,,,,,any,solitary or gang (2-4),none,Golem,,,0,0,30 ft.,30,,,,,,,1,0,0,0,0,NULL,,NULL,,1233,0,0,0,0,PFRPG Bestiary 2,,
Adamantine Wasp Swarm,10,"9,6",,,,,,N,Fine,construct,swarm,,,,,,24,24,18,82,15d10,5,11,5,swarm (3d6 plus poison),,10,0,1,22,0,0,11,2,,Fly +18,,,,any,"solitary, cloud (2-4 swarms) or plague (5-8 swarms)",none,Adamantine Wasp,,,0,0,"5 ft., fly 40 ft. (good)",5,,good,,,,,1,1,0,0,0,,,NULL,,3043,0,0,0,0,Tome of Horrors Complete,,
Adaro,3,800,,,,,,NE,Medium,monstrous humanoid,aquatic,,,,,,15,13,12,30,4d10+8,3,7,5,"spear +8 (1d8+4/x3 plus poison), bite +2 (1d6+3)",spear +8 (1d8+3/x3),5,5,16,17,14,10,13,13,"Deadly Aim, Weapon Focus (spear)","Intimidate +8, Perception +8, Stealth +10, Swim +18",,"Aquan, Common; speak with sharks","amphibious, poison use",warm oceans,"solitary, hunting party (2-6), or tribe (7-12)","standard (3 spears, other treasure)",,,,0,0,"10 ft., swim 50 ft.",10,,,,50,,,1,0,0,0,1,,,NULL,,1958,0,0,0,0,PFRPG Bestiary 3,,
Addath,16,"76,8",,,,,,CE,Huge,aberration,,,,,,,28,10,26,220,21d8+126,15,11,14,"4 tentacles +24 (2d6+10 plus grab), bite +24 (4d6+10 plus poison)",,15,10,31,15,23,12,14,14,"Bleeding Critical, Cleave, Critical Focus, Great Fortitude, Improved Critical (tentacle), Improved Initiative, Lightning Reflexes, Power Attack, Vital Strike, Weapon Focus (bite), Weapon Focus (tentacle)","Acrobatics +15, Climb +42, Escape Artist +26, Perception +26, Stealth +18, Survival +16",,"Common, Undercommon",,any underground,solitary,standard,,,,0,0,"40 ft., climb 40 ft.",40,,,,,,,1,0,1,0,0,NULL,,NULL,,4699,0,0,0,0,Tome of Horrors 4,,
Addu,15,"51,2",,,,,,N,Gargantuan,magical beast,aquatic,,,,,,28,10,24,212,17d10+119,17,14,9,"bite +26 (4d6+13/19-20), 2 claw +26 (2d8+13/19-20), tail slap +21 (2d8+6)",,20,20 (30 with tail slap),36,18,25,2,15,13,"Critical Focus, Endurance, Improved Critical (bite), Improved Critical (claw), Improved Iron Will, Iron Will, Power Attack, Sickening Critical, Vital Strike","Perception +21, Swim +25",,,,warm oceans,solitary or pair,none,,,,0,0,"10 ft., swim 80 ft.",10,,,,,,,1,0,0,0,1,,,NULL,,3326,0,0,0,0,AP 60,,
Adherer,3,800,,,,,,LE,Medium,monstrous humanoid,,,,,,,17,13,14,30,4d10+8,3,7,5,2 slams +6 (1d6+2 plus grab),,5,5,14,16,15,4,13,11,"Agile Maneuvers, Combat Reflexes","Climb +10, Craft (cloth) +3, Craft (traps) +1, Perception +5, Stealth +11","+2 Craft (cloth), +4 Stealth",Aklo,adhesive,any temperate or underground,"solitary, gang (2-5), or nest (6-12)",standard,,,,0,0,"30 ft., climb 10 ft.",30,,,10,,,,1,0,1,0,0,,,NULL,,1959,0,0,0,0,PFRPG Bestiary 3,,
Adherer,3,800,,,,,,LE,Medium,aberration,,,,,,,16,11,15,26,4d8+8,3,2,4,2 slams +6 (1d6+2 plus adhesive),,5,5,14,12,14,4,11,11,"Skill Focus (Perception), Weapon Focus (slam)","Perception +8, Stealth +6 (+14 Stealth when using sticks and leaves to camouflage itself in its natural environment)",+8 Stealth when using sticks and leaves to camouflage itself in its natural environment,Common (can't speak),,temperate forests,solitary or gang (2-4),none,,,,0,0,30 ft.,30,,,,,,,1,0,0,0,0,,,NULL,,1843,0,0,0,0,Tome of Horrors Complete,,
Adhukait,7,"3,2",,,,,,LE,Medium,outsider,asura,evil,extraplanar,lawful,,,20,14,16,76,9d10+27,6,11,9,"2 mwk kukris +15/+10 (1d4+5/18-20), 2 claws +9 (1d4+2)",,5,5,20,17,17,13,16,16,"Combat Reflexes, Dodge, Lightning Reflexes, Mobility, Nimble Moves","Acrobatics +15 (+19 when jumping), Bluff +15, Escape Artist +21, Intimidate +11, Knowledge (planes) +9, Perception +19, Perform (dance) +14, Stealth +15","Acrobatics (+4 when jumping), +6 Escape Artist, +4 Perception","Common, Infernal; telepathy 100 ft.",,any (Hell),"solitary, pair, or band (3-12)","standard (2 masterwork kukris, other treasure)",Asura,,,0,0,40 ft.,40,,,,,,,1,0,0,0,0,,,NULL,,1972,0,0,0,0,PFRPG Bestiary 3,,
Adlet,10,"9,6",,,,,,CN,Medium,humanoid,adlet,cold,,,,,25,20,15,127,15d8+60,9,17,8,"+1 spear +17/+12/+7 (1d8+7/x3), bite +10 (1d6+2 plus 1d6 cold)",,5,5,18,26,18,13,17,13,"Diehard, Dodge, Improved Initiative, Multiattack, Power Attack, Run, Self-Sufficient, Weapon Focus (spear)","Acrobatics +13 (+17 when jumping), Climb +12, Handle Animal +9, Heal +5, Perception +13, Stealth +13 (+21 in snow), Survival +20, Swim +9",+8 Stealth in snow,"Common, Adlet",arctic stride,"cold plains, hills, or mountains","solitary, pair, or pack (3-18 plus 1 shaman)","standard (+1 spear, other treasure)",,,,0,0,40 ft.,40,,,,,,,1,0,0,0,0,,,NULL,,1960,0,0,0,0,PFRPG Bestiary 3,,
Adult Black Dragon,11,"12,8",,,,,,CE,Large,dragon,water,,,,,,28,10,27,161,14d12+70,14,10,12,"bite +21 (2d6+10), 2 claws +20 (1d8+7), 2 wings +15 (1d6+3), tail +15 (1d8+10)",,10,5 (10 with bite),25,12,21,14,17,14,"Alertness, Improved Initiative, Improved Vital Strike, Power Attack, Skill Focus (Stealth), Vital Strike, Weapon Focus (bite)","Fly +12, Handle Animal +16, Intimidate +19, Knowledge (arcana) +19, Perception +24, Spellcraft +19, Stealth +20, Swim +32",,"Common, Draconic, Giant","speak with reptiles, swamp stride, water breathing",warm marshes,solitary,triple,Chromatic Dragon,,,0,0,"60 ft., fly 200 ft. (poor), swim 60 ft.",60,200,poor,,60,,,1,1,0,0,1,,,NULL,,112,0,0,0,0,PFRPG Bestiary,,
Adult Blue Dragon,13,"25,6",,,,,,LE,Huge,dragon,earth,,,,,,28,8,28,184,16d12+80,15,10,13,"bite +23 (2d8+12), 2 claws +22 (2d6+8), 2 wings +20 (1d8+4), tail slap +20 (2d6+12)",,15,10 (15 with bite),27,10,21,16,17,16,"Combat Casting, Dazzling Display, Deadly Stroke, Hover, Improved Initiative, Multiattack, Shatter Defenses, Weapon Focus (bite)","Appraise +22, Fly +11, Intimidate +22, Knowledge (local) +22, Knowledge (geography) +22, Perception +22, Spellcraft +22, Stealth +11, Survival +22",,"Auran, Common, Draconic, Giant",sound imitation,warm deserts,solitary,triple,Chromatic Dragon,,,0,0,"40 ft., burrow 20 ft., fly 200 ft. (poor)",40,200,poor,,,20,,1,1,0,1,0,,,NULL,,118,0,0,0,0,PFRPG Bestiary,,
Adult Brass Dragon,11,"12,8",,,,,,CG,Large,dragon,fire,,,,,,28,10,27,161,14d12+70,14,10,12,"bite +20 (2d6+10), 2 claws +20 (1d8+7), 2 wings +15 (1d6+3), tail slap +15 (1d8+10)",,5,5,25,12,21,16,17,16,"Alertness, Flyby Attack, Hover, Greater Spell Focus (enchant), Improved Initiative, Power Attack, Spell Focus (enchant)","Bluff +20, Diplomacy +20, Fly +12, Heal +20, Linguistics +20, Perception +24, Sense Motive +24, Spellcraft +20, Survival +20",,"Common, Draconic, plus any 14 others",move sand,warm deserts,solitary,triple,Metallic Dragon,,,0,0,"60 ft., burrow 30 ft., fly 200 ft. (poor)",60,200,poor,,,30,,1,1,0,1,0,,,NULL,,129,0,0,0,0,PFRPG Bestiary,,
Adult Brine Dragon,11,"12,8",,,,,,LN,Large,dragon,extraplanar,water,,,,,27,9,27,147,14d12+56,13,11,12,"bite +23 (2d6+15), 2 claws +23 (1d8+10), tail slap +18 (1d8+15), 2 wings +18 (1d6+5)",,10,5 (10 with bite),30,11,19,19,16,17,"Hover, Improved Initiative, Improved Vital Strike, Lightning Reflexes, Power Attack, Skill Focus (Swim), Vital Strike","Bluff +20, Diplomacy +20, Fly +11, Heal +20, Knowledge (arcana) +21, Knowledge (nature) +21, Perception +20, Sense Motive +20, Survival +20, Swim +41",,"Aquan, Common, Draconic, Elven, Halfling",water breathing,any aquatic (Plane of Water),solitary,triple,Primal Dragon,,,0,0,"60 ft., fly 200 ft. (poor), swim 60 ft.",60,200,,,,,,1,1,0,0,1,,,NULL,,1171,0,0,0,0,PFRPG Bestiary 2,,
Adult Bronze Dragon,13,"25,6",,,,,,LG,Huge,dragon,water,,,,,,28,8,28,184,16d12+80,15,10,15,"bite +22 (2d8+12), 2 claws +22 (2d6+8), 2 wings +20 (1d8+4), tail slap +20 (2d6+12)",,15,10 (15 with bite),27,10,21,20,21,20,"Alertness, Cleave, Flyby Attack, Hover, Improved Vital Strike, Multiattack, Power Attack, Vital Strike","Diplomacy +24, Fly +11, Handle Animals +21, Intimidate +24, Knowledge (arcana, geography) +24, Perception +28, Sense Motive +28, Spellcraft +24, Stealth +11, Swim +35",,"Aquan, Common, Draconic, Elven, Gnome, 2 more","change shape, water breathing, wave mastery",temperate coastlines,solitary,triple,Metallic Dragon,,,0,0,"40 ft., fly 200 ft. (poor), swim 60 ft.",40,200,poor,,60,,,1,1,0,0,1,,,NULL,,132,0,0,0,0,PFRPG Bestiary,,
Adult Cloud Dragon,11,"12,8",,,,,,N,Huge,dragon,air,,,,,,28,9,27,161,14d12+70,14,10,13,"bite +20 (2d8+12), 2 claws +20 (2d6+8), 2 wings +15 (1d8+4), tail slap +15 (2d6+12)",,15,10 (15 with bite),27,12,21,16,19,18,"Alertness, Flyby Attack, Hover, Improved Initiative, Power Attack, Skill Focus (Fly), Wingover","Bluff +21, Diplomacy +21, Fly +16, Intimidate +21, Knowledge (arcana) +20, Knowledge (nature) +20, Perception +25, Sense Motive +25, Spellcraft +20",,"Auran, Aquan, Common, Draconic, Giant",cloud form,temperate and warm mountains,solitary or clan (2-5),triple standard,Dragon,,,0,0,"40 ft., fly 200 ft. (poor)",40,,poor,,,,,1,1,0,0,0,,,NULL,,2526,0,0,0,0,Tome of Horrors Complete,,
Adult Cloud Dragon,13,"25,6",,,,,,CN,Huge,dragon,air,extraplanar,,,,,29,7,29,184,16d12+80,15,9,15,"bite +22 (2d8+10/19-20), 2 claws +22 (2d6+7), tail slap +19 (2d6+10), 2 wings +19 (1d8+3)",,15,10 (15 with bite),24,9,21,16,20,19,"Critical Focus, Improved Critical (bite), Improved Initiative, Multiattack, Power Attack, Skill Focus (Diplomacy), Weapon Focus (bite, claws)","Appraise +22, Diplomacy +29, Fly +10, Intimidate +23, Knowledge (planes) +22, Perception +24, Sense Motive +24, Stealth +10, Survival +24, Swim +15",,"Auran, Common, Draconic, Elven",cloud form (16 rounds/day),any sky (Plane of Air),solitary,triple,Primal Dragon,,,0,0,"40 ft., fly 200 ft. (poor), swim 40 ft.",40,200,,,,,,1,1,0,0,1,,,NULL,,1174,0,0,0,0,PFRPG Bestiary 2,,
Adult Copper Dragon,12,"19,2",,,,,,CG,Large,dragon,earth,,,,,,29,10,28,172,15d12+75,14,10,13,"bite +21 (2d6+10/19-20), 2 claws +21 (1d8+7/19-20), 2 wings +16 (1d6+3), tail +16 (1d8+10)",,10,5 (10 with bite),25,12,21,18,19,18,"Combat Expertise, Greater Trip, Improved Critcal (bite, claw), Improved Initiative, Improved Trip, Power Attack, Vital Strike","Bluff +22, Craft (traps) +28, Diplomacy +22, Fly +13, Perception +22, Perform (comedy) +19, Sense Motive +22, Spellcraft +22, Stealth +15, Use Magic Device +22",,"Common, Draconic, Elven, Gnome, Halfling",trap master,warm hills,solitary,triple,Metallic Dragon,,,0,0,"40 ft., fly 200 ft. (poor)",40,200,poor,,,,,1,1,1,0,0,,,NULL,,135,0,0,0,0,PFRPG Bestiary,,
Adult Crystal Dragon,10,"9,6",,,,,,CG,Large,dragon,earth,extraplanar,,,,,27,10,26,149,13d12+65,15,11,11,"bite +19 (2d6+9/19-20), 2 claws +18 (1d8+6), tail slap +16 (1d8+9), 2 wings +16 (1d6+3)",,10,5 (10 with bite),23,12,21,16,17,22,"Deceitful, Great Fortitude, Improved Critical (bite), Lightning Reflexes, Multiattack, Power Attack, Weapon Focus (bite)","Bluff +26, Climb +30, Disguise +23, Fly +11, Intimidate +22, Knowledge (dungeoneering) +19, Perception +19, Sense Motive +19, Stealth +13",,"Common, Draconic, Terran, Undercommon",razor sharp,any underground (Plane of Earth),solitary,triple,Primal Dragon,,,0,0,"60 ft., burrow 30 ft., climb 30 ft., fly 200 ft. (poor)",60,,,,,30,,1,1,1,1,0,,,NULL,,1177,0,0,0,0,PFRPG Bestiary 2,,
Adult Dungeon Dragon,9,"6,4",,,,,,N,Large,dragon,shapechanger,,,,,,25,9,25,104,11d12+33,10,7,12,"bite +17 (2d6+10), 2 claws +17 (1d8+7), 2 wings +15 (1d6+3), tail slap +15 (1d6+10)",,10,5 (10 with bite),25,11,16,16,16,14,"Alertness, Craft Wondrous ItemB, Flyby Attack, Iron Will, Master CraftsmanB, Multiattack, Skill Focus (Craft [crystal carving]), Skill Focus (Knowledge [engineering])","Bluff +16, Craft (crystal carving) +15, Craft (traps) +11, Diplomacy +11, Disable Device +8, Fly +2, Knowledge (arcana) +17, Knowledge (dungeoneering) +10, Knowledge (engineering) +23, Linguistics +8, Perception +25, Sense Motive +21, Spellcraft +17",+4 Perception,"Aklo, Common, Draconic, Gnoll, Goblin, Orc, Undercommon","change shape (alter self), craft crystal ball",underground,solitary,triple standard plus crystal ball,Dragon,,,0,0,"30 ft., fly 200 ft. (poor)",30,,poor,,,,,1,1,0,0,0,,,NULL,,2529,0,0,0,0,Tome of Horrors Complete,,
Adult Forest Dragon,14,"38,4",,,,,,CE,Huge,dragon,earth,,,,,,30,8,30,229,17d12+119,16,10,15,"bite +25 (2d8+13), 2 claws +24 (2d6+9), gore +24 (2d6+13), tail slap +22 (2d6+13)",,15,10 (15 with bite and gore),29,10,22,16,17,16,"Improved Initiative, Improved Natural Armor, Iron Will, Multiattack, Power Attack, Skill Focus (Stealth), Stealthy, Toughness, Weapon Focus (bite)","Acrobatics +11 (+15 when jumping), Bluff +23, Climb +37, Escape Artist +2, Fly +12, Intimidate +23, Knowledge (arcana) +15, Knowledge (nature) +15, Perception +23, Spellcraft +23, Stealth +22, Survival +16",,"Common, Draconic, Sylvan","change shape, sound imitation, woodland stride",any forest,solitary,triple,Imperial Dragon,,,0,0,"40 ft., burrow 20 ft., climb 30 ft., fly 200 ft. (poor)",40,200,,,,,,1,1,1,1,0,,,NULL,,2037,0,0,0,0,PFRPG Bestiary 3,,
Adult Gold Dragon,15,"51,2",,,,,,LG,Huge,dragon,fire,,,,,,30,8,30,225,18d12+108,17,11,18,"bite +26 (2d8+15/19-20), 2 claws +26 (2d6+10/19-20), 2 wings +24 (1d8+5), tail +24 (2d6+15)",,15,10 (15 with bite),31,10,23,20,21,20,"Alertness, Critical Focus, Extend Spell, Improved Critical (bite, claw), Iron Will, Multiattack, Power Attack, Vital Strike","Diplomacy +26, Fly +13, Heal +26, Knowledge (arcana, local, nobility, religion) +26, Perception +30, Sense Motive +30, Spellcraft +26, Swim +39",,"Celestial, Common, Draconic, 3 more","change shape, detect gems, fast flight, luck",warm plains,solitary,triple,Metallic Dragon,,,0,0,"60 ft., fly 250 ft. (poor), swim 60 ft.",60,250,poor,,60,,,1,1,0,0,1,,,NULL,,138,0,0,0,0,PFRPG Bestiary,,
Adult Gray Dragon,10,"9,6",,,,,,NE,Large,dragon,water,,,,,,29,10,28,149,13d12+65,13,11,11,"2 claws +19 (1d8+7), bite +20 (2d6+10/19-20), 2 wings +17 (1d6+3), tail slap +17 (1d8+10)",,10,5 (10 with bite),25,12,21,15,17,15,"Alertness, Improved Critical (bite), Improved Initiative, Lightning Reflexes, Multiattack, Power Attack, Weapon Focus (bite)","Bluff +18, Fly +15, Intimidate +18, Knowledge (local) +18, Perception +23, Sense Motive +23, Stealth +13, Swim +31",,"Aquan, Common, Draconic Special Abilities",,warm coastlines,solitary,triple standard,Dragon,,,0,0,"60 ft., fly 200 ft. (average), swim 40 ft.",60,,average,,,,,1,1,0,0,1,,,NULL,,4797,0,0,0,0,Tome of Horrors 4,,
Adult Green Dragon,12,"19,2",,,,,,LE,Huge,dragon,air,,,,,,27,8,27,172,15d12+75,14,9,14,"bite +21 (2d8+12/19-20), 2 claws +21 (2d6+8/19-20), 2 wings +16 (1d8+4), tail slap +16 (2d6+12)",,15,10 (15 with bite),27,10,21,16,17,16,"Alertness, Cleave, Flyby Attack, Great Cleave, Improved Critical (bite, claws), Iron Will, Power Attack","Fly +10, Knowledge (arcane) +21, Knowledge (nature) +21, Perception +25, Spellcraft +21, Stealth +10, Survival +21, Swim +34, Use Magic Device +21",,"Common, Draconic, Elven, Sylvan","trackless step, water breathing, woodland stride",temperate forests,solitary,triple,Chromatic Dragon,,,0,0,"40 ft., fly 200 ft. (poor), swim 40 ft.",40,200,poor,,40,,,1,1,0,0,1,,,NULL,,120,0,0,0,0,PFRPG Bestiary,,
Adult Lunar Dragon,13,"25,6",,,,,,CN,Huge,dragon,,,,,,,28,7,28,200,16d12+96,15,9,16,"bite +22 (2d8+12), 2 claws +22 (2d6+8), 2 wings +20 (2d6+4), tail slap +20 (2d8+12)",,15,10 (15 with bite),27,9,20,20,22,21,"Arcane Strike, Dazing Assault, Flyby Attack, Improved Initiative, Multiattack, Power Attack, Toughness, Wingover","Bluff +12, Diplomacy +24, Fly +10, Intimidate +24, Knowledge (arcana, geography, history, local, nature) +20, Perception +25, Sense Motive +25, Spellcraft +24, Use Magic Device +24",,"Aklo, Aquan, Auran, Common, Draconic, Ignan","no breath, starflight",vacuum,solitary,triple,Outer Dragon,,,0,0,"40 ft., burrow 20 ft., fly 200 ft. (poor)",40,200,,,,,,1,1,0,1,0,,,NULL,,5183,0,0,0,0,PFRPG Bestiary 4,,
Adult Magma Dragon,12,"19,2",,,,,,CN,Large,dragon,extraplanar,fire,,,,,29,10,28,172,15d12+75,16,10,15,"bite +22 (2d6+12/19-20 plus 6 fire), 2 claws +22 (1d8+8/19-20), tail slap +17 (1d8+12), 2 wings +17 (1d6+4)",,10,5 (10 with bite),27,12,21,18,18,17,"Great Fortitude, Improved Critical (bite), Improved Critical (claws), Improved Initiative, Improved Vital Strike, Iron Will, Power Attack, Vital Strike","Acrobatics +16 (+20 jump), Climb +26, Escape Artist +16, Fly +13, Intimidate +21, Perception +22, Sense Motive +22, Sleight of Hand +16, Stealth +15, Swim +26",,"Common, Draconic, Dwarven, Elven, Ignan",superheated,any mountains or underground (Plane of Fire),solitary,triple,Primal Dragon,,,0,0,"40 ft., fly 200 ft. (poor)",40,200,,,,,,1,1,0,0,0,,,NULL,,1180,0,0,0,0,PFRPG Bestiary 2,,
Adult Mist Dragon,11,"12,8",,,,,,N,Huge,dragon,air,fire,water,,,,28,8,28,184,16d12+80,17,10,15,"bite +22 (2d8+12), 2 claws +22 (2d6+8), 2 wings +20 (1d8+4), tail slap +20 (2d6+12)",,15,10 (15 with bite),27,10,21,20,21,20,"Alertness, Combat Expertise, Flyby Attack, Great Fortitude, Hover, Improved Initiative, Multiattack, Wingover","Bluff +24, Diplomacy +24, Fly +11, Knowledge (arcana) +24, Knowledge (history) +24, Knowledge (nature) +24, Perception +28, Sense Motive +28, Spellcraft +24, Swim +35, Use Magic Device +24",,"Auran, Aquan, Celestial, Common, Draconic, Ignan, Sylvan","mist form, water breathing",temperate and warm forests and aquatic,solitary or clan (2-5),triple standard,Dragon,,,0,0,"40 ft., fly 200 ft. (poor), swim 20 ft.",40,,poor,,,,,1,1,0,0,1,,,NULL,,2534,0,0,0,0,Tome of Horrors Complete,,
Adult Red Dragon,14,"38,4",,,,,,CE,Huge,dragon,fire,,,,,,29,8,29,212,17d12+102,16,10,15,"bite +25 (2d8+15), 2 claws +25 (2d6+10), 2 wings +23 (1d8+5), tail slap +23 (2d6+15)",,15,10 (15 with bite),31,10,23,16,17,16,"Cleave, Greater Vital Strike, Improved Initiative, Improved Iron Will, Improved Vital Strike, Iron Will, Multiattack, Power Attack, Vital Strike","Appraise +23, Bluff +23, Fly +12, Intimidate +23, Knowl. (arcana) +23, Perception +23, Sense Motive +23, Spellcraft +23, Stealth +12",,"Common, Draconic, Dwarven, Orc",,warm mountains,solitary,triple,Chromatic Dragon,,,0,0,"40 ft., fly 200 ft. (poor)",40,200,poor,,,,,1,1,0,0,0,,,NULL,,123,0,0,0,0,PFRPG Bestiary,,
Adult Sea Dragon,12,"19,2",,,,,,CG,Huge,dragon,water,,,,,,28,8,28,172,15d12+75,16,11,14,"bite +22 (2d8+12), 2 claws +22 (2d6+8), gore +21 (2d6+12), tail slap +19 (2d6+12)",,15,10 (15 with bite and gore),27,10,21,20,21,20,"Alertness, Great Fortitude, Improved Initiative, Lightning Reflexes, Lunge, Multiattack, Weapon Focus (bite and claw)","Diplomacy +23, Fly +10, Intimidate +23, Knowledge (arcana) +23, Knowledge (geography) +23, Knowledge (nature) +23, Perception +27, Sense Motive +27, Stealth +10, Survival +23, Swim +34",,"Aquan, Auran, Celestial, Common, Draconic, Elven","change shape, unfettered swimmer, water breathing",any water,solitary,triple,Imperial Dragon,,,0,0,"40 ft., fly 200 ft. (poor), swim 80 ft.",40,,poor,,,,,1,1,0,0,1,,,NULL,,2040,0,0,0,0,PFRPG Bestiary 3,,
Adult Silver Dragon,14,"38,4",,,,,,LG,Huge,dragon,cold,,,,,,29,8,29,195,17d12+85,15,12,17,"bite +24 (2d8+12), 2 claws +23 (2d6+8), 2 wings +21 (1d8+4), tail slap +21 (2d6+12)",,15,10 (15 with bite),27,10,21,20,21,20,"Flyby Attack, Hover, Improved Initiative, Iron Will, Lighting Reflexes, Multiattack, Power Attack, Vital Strike, Weapon Focus (bite)","Acrobatics +17, Diplomacy +25, Fly +16, Heal +25, Intimidate +25, Knowledge (arcana, local, nobility) +25, Perception +25, Sense Motive +25, Spellcraft +25",,"Auran, Common, Draconic, Dwarven, Giant, Terran",change shape,temperate mountains,solitary,triple,Metallic Dragon,,,0,0,"40 ft., fly 200 ft. (average)",40,200,average,,,,,1,1,0,0,0,,,NULL,,141,0,0,0,0,PFRPG Bestiary,,
Adult Sky Dragon,13,"25,6",,,,,,LG,Huge,dragon,air,,,,,,29,8,29,184,16d12+80,15,12,17,"bite +22 (2d8+12/19-20), 2 claws +22 (2d6+8), gore +22 (2d6+12), tail slap +20 (2d6+12)",,15,10 (15 with bite and gore),27,10,21,20,21,20,"Flyby Attack, Hover, Improved Critical (bite), Improved Initiative, Iron Will, Lightning Reflexes, Multiattack, Skill Focus (Perception)","Acrobatics +19 (+23 when jumping), Diplomacy +24, Fly +19, Heal +24, Knowledge (arcana) +24, Knowledge (geography) +24, Knowledge (religion) +24, Perception +30, Perform (sing) +24, Sense Motive +24, Spellcraft +24",,"Auran, Celestial, Common, Draconic, Infernal, Sylvan","borne aloft, change shape",temperate or warm mountains,solitary,triple,Imperial Dragon,,,0,0,"40 ft., fly 200 ft. (good)",40,,good,,,,,1,1,0,0,0,,,NULL,,2043,0,0,0,0,PFRPG Bestiary 3,,
Adult Solar Dragon,13,"25,6",,,,,,LN,Huge,dragon,fire,,,,,,28,9,27,212,17d12+102,15,13,15,"bite +24 (2d8+13), 2 claws +24 (2d6+9), tail slap +22 (2d6+13), 2 wings +22 (1d8+4)",,15,10 (15 with bite),28,13,20,19,16,21,"Improved Initiative, Iron Will, Lightning Reflexes, Multiattack, Power Attack, Quick Channel, Selective Channeling, Silent Spell, Toughness","Diplomacy +25, Fly +13, Heal +21, Knowledge (arcana) +24, Knowledge (history) +24, Knowledge (nature) +24, Knowledge (planes) +24, Knowledge (religion) +24, Linguistics +9, Perception +23, Sense Motive +23",,"Auran, Celestial, Common, Draconic, Ignan, Sylvan, Terran","no breath, starflight",vacuum,solitary,triple,Outer Dragon,,,0,0,"50 ft., fly 200 ft. (poor)",50,,poor,,,,,1,1,0,0,0,,,NULL,,5186,0,0,0,0,PFRPG Bestiary 4,,
Adult Sovereign Dragon,15,"51,2",,,,,,N,Huge,dragon,,,,,,,30,8,30,225,18d12+108,17,13,18,"bite +27 (2d8+15/19-20), 2 claws +26 (2d6+10), gore +26 (2d6+15), tail slap +24 (2d6+15)",,15,10 (15 with bite and gore),31,10,23,20,21,20,"Flyby Attack, Hover, Improved Critical (bite), Improved Initiative, Iron Will, Lightning Reflexes, Multiattack, Persuasive, Weapon Focus (bite)","Appraise +26, Bluff +26, Diplomacy +30, Fly -4, Heal +26, Intimidate +30, Knowledge (arcana) +26, Knowledge (history) +26, Knowledge (nobility) +26, Perception +26, Sense Motive +26, Spellcraft +26",,"Abyssal, Auran, Celestial, Common, Draconic, Infernal","change shape, dogmatic discordance",any mountains,solitary,triple,Imperial Dragon,,,0,0,"50 ft., fly 200 ft. (poor)",50,,poor,,,,,1,1,0,0,0,,,NULL,,2046,0,0,0,0,PFRPG Bestiary 3,,
Adult Time Dragon,15,"51,2",,,,,,N,Huge,dragon,,,,,,,28,9,27,256,19d12+133,18,12,15,"bite +28 (2d8+15), 2 claws +28 (2d6+10/19-20), 2 wings +25 (1d8+5), tail slap +25 (2d6+15)",,15,10 (15 with bite),30,13,24,19,18,19,"Cleave, Great Cleave, Improved Critical (claw), Improved Initiative, Multiattack, Power Attack, Skill Focus (Knowledge [history]), Step Up, Weapon Focus (bite), Weapon Focus (claw)","Diplomacy +26, Fly +15, Knowledge (arcana) +26, Knowledge (geography) +26, Knowledge (planes) +26, Knowledge (religion) +26, Knowledge (history) +32, Perception +26, Sense Motive +26, Spellcraft +26",,"Common, Draconic, Dwarven, Elven, Sylvan","immortal, no breath, read the threads, starflight",vacuum,solitary,triple,Outer Dragon,,,0,0,"50 ft., fly 200 ft. (poor)",50,,poor,,,,,1,1,0,0,0,,,NULL,,5189,0,0,0,0,PFRPG Bestiary 4,,
Adult Umbral Dragon,14,"38,4",,,,,,CE,Huge,dragon,extraplanar,,,,,,29,8,29,195,17d12+85,15,10,15,"bite +23 (2d8+12/19-20), 2 claws +23 (2d6+8), tail slap +21 (2d6+12), 2 wings +21 (1d8+4)",,15,10 (15 with bite),27,10,21,20,21,20,"Hover, Improved Critical (bite), Improved Initiative, Improved Vital Strike, Multiattack, Power Attack, Skill Focus (Stealth), Snatch, Vital Strike","Bluff +25, Diplomacy +25, Fly +16, Knowledge (arcana) +25, Knowledge (local) +25, Knowledge (planes) +25, Perception +25, Sense Motive +25, Spellcraft +25, Stealth + 18, Survival +25",,"Abyssal, Common, Draconic, Undercommon, 2 more","ghost bane, umbral scion",any,solitary,triple,Primal Dragon,,,0,0,"40 ft., fly 200 ft. (poor)",40,,poor,,,,,1,1,0,0,0,,,NULL,,3396,0,0,0,0,PFRPG Bestiary 2,,
Adult Underworld Dragon,11,"12,8",,,,,,LE,Large,dragon,fire,,,,,,28,9,28,161,14d12+70,14,9,12,"bite +22 (2d6+12), 2 claws +22 (1d8+8/19-20), gore +21 (1d8+12), tail slap +16 (1d8+12)",,10,5 (10 with bite and gore),27,10,21,16,17,16,"Improved Critical (claws), Improved Initiative, Improved Natural Armor, Lunge, Skill Focus (Stealth), Weapon Focus (bite, claw)","Appraise +20, Bluff +20, Climb +25, Fly +11, Intimidate +20, Knowledge (dungeoneering) +20, Knowledge (geography) +20, Perception +20, Stealth +19",,"Common, Draconic, Ignan, Terran","change shape, underworld burrower",any underground,solitary,triple,Imperial Dragon,,,0,0,"40 ft., burrow 40 ft., fly 200 ft. (poor)",40,200,,,,,,1,1,0,1,0,,,NULL,,2049,0,0,0,0,PFRPG Bestiary 3,,
Adult Void Dragon,13,"25,6",,,,,,NE,Huge,dragon,,,,,,,29,9,28,184,16d12+80,15,11,15,"bite +23 (2d8+12/19-20 plus obliterate), 2 claws +22 (2d6+8), 2 wings +20 (1d8+4), tail slap +20 (2d6+12)",,15,10 (15 with bite),27,12,21,20,17,20,"Flyby Attack, Hover, Improved Critical (bite), Improved Initiative, Iron Will, Multiattack, Weapon Focus (bite), Wingover","Acrobatics +17, Bluff +24, Diplomacy +18, Fly +20, Intimidate +22, Knowledge (arcana) +24, Knowledge (planes) +24, Perception +22, Sense Motive +22, Spellcraft +20, Stealth +12, Survival +14, Use Magic Device +16",,"Abyssal, Aklo, Celestial, Draconic, Ignan, Infernal","agile, no breath, starflight",vacuum,solitary,triple,Outer Dragon,,,0,0,"40 ft., fly 200 ft. (good)",40,,good,,,,,1,1,0,0,0,,,NULL,,5192,0,0,0,0,PFRPG Bestiary 4,,
Adult Vortex Dragon,14,"38,4",,,,,,LN,Huge,dragon,fire,,,,,,30,9,29,195,17d12+85,17,13,14,"bite +23 (2d8+12/19-20), 2 claws +23 (2d6+8), 2 wings +21 (1d8+4), tail slap +21 (2d6+12)",,15,10 (15 with bite),27,12,21,20,19,20,"Flyby Attack, Great Fortitude, Improved Critical (bite), Improved Initiative, Lightning Reflexes, Multiattack, Power Attack, Snatch, Wingover","Bluff +25, Diplomacy +25, Fly +21, Intimidate +25, Knowledge (arcana) +25, Knowledge (geography) +25, Knowledge (planes) +25, Knowledge (religion) +25, Perception +24, Sense Motive +24, Spellcraft +25",,"Abyssal, Auran, Celestial, Common, Draconic, Infernal","agile, galactic emissary, no breath, starflight",vacuum,solitary,triple,Outer Dragon,,,0,0,"60 ft., fly 200 ft. (good)",60,,good,,,,,1,1,0,0,0,,,NULL,,5195,0,0,0,0,PFRPG Bestiary 4,,
Adult White Dragon,10,"9,6",,,,,,CE,Large,dragon,cold,,,,,,27,10,26,149,13d12+65,13,9,10,"bite +20 (2d6+10/19-20), 2 claws +19 (1d8+7), 2 wings +14 (1d6+3), tail slap +14 (1d8+10)",,10,5 (10 with bite),25,12,21,12,15,12,"Alertness, Flyby Attack, Improved Critical (bite), Improved Initiative, Power Attack, Vital Strike, Weapon Focus (bite)","Fly +11, Intimidate +17, Knowledge (arcane) +17, Perception +22, Spellcraft +17, Stealth +13, Swim +31",,"Common, Draconic","icewalking, ice shape",cold mountains,solitary,triple,Chromatic Dragon,,,0,0,"30 ft., burrow 30 ft., fly 200 ft. (poor), swim 60 ft.",30,200,poor,,60,30,,1,1,0,1,1,,,NULL,,126,0,0,0,0,PFRPG Bestiary,,
Advodaza Devil,18,"153,6",,,,,,LE,Huge,outsider,devil,evil,extraplanar,lawful,,,35,15,28,297,18d10+198,21,18,15,"bite +28 (2d6+12), 2 claws +28 (1d8+12 plus infernal wound), 2 hooves +26 (1d8+6), tail +26 (2d6+6)",,15,15 (20 with tail),34,25,30,23,25,24,"Awesome Blow, Flyby Attack, Greater Bull Rush, Hover, Improved Bull Rush, Improved Initiative, Multiattack, Power Attack, Toughness","Bluff +28, Diplomacy +28, Escape Artist +25, Fly +24, Intimidate +28, Knowledge (arcana) +27, Knowledge (planes) +27, Knowledge (religion) +27, Perception +28, Sense Motive +28, Spellcraft +24, Stealth +20",,"Abyssal, Aklo, Celestial, Common, Draconic, Infernal; telepathy 100 ft.","devil mark, false divinity",any (Hell),solitary or pantheon (2-5),double,Devil,,,0,0,"40 ft., fly 80 ft. (average)",40,80,average,,,,,0,0,0,0,0,,,NULL,,503,0,0,0,0,AP 30,,
Aerial Servant,11,"12,8",,,,,,N,Medium,outsider,air,elemental,extraplanar,,,,24,16,18,138,12d10+72,10,14,10,2 slams +19 (2d8+6 plus grab),,5,5,23,22,23,4,10,11,"Alertness, Combat Reflexes, Improved Initiative, Iron Will, Power Attack, Weapon Focus (slam)","Fly +20, Knowledge (planes) +5, Perception +19, Stealth +20, Survival +12",+4 Survival,"Auran, Common","improved tracking, link with caster",any (Plane of Air),solitary,none,,,,0,0,"60 ft., fly 60 ft. (perfect)",60,60,perfect,,,,,1,1,0,0,0,,,NULL,,1844,0,0,0,0,Tome of Horrors Complete,,
Aerial Servant,11,"12,8",,,,,,N,Medium,outsider,elemental,air,,,,,19,15,14,152,16d10+64,11,17,10,slam +25 (2d8+12 plus grab,,5,5,26,21,18,4,10,11,"Combat Reflexes, Great Fortitude, Improved Initiative, Iron Will, Lightning Reflexes, Power Attack, Skill Focus (Perception), Weapon Focus (slam)","Intimidate +16, Perception +22, Stealth +33","+12 Stealth (invisible, as the spell, on the Elemental Plane of Air)","Auran, Common",,Elemental Plane of Air,solitary,none,,,,0,0,fly 60 ft. (perfect),,60,perfect,,,,,0,1,0,0,0,,,NULL,,971,0,0,0,0,TOH1,,
Aeshma Demon,11,"12,8",,,,,,CE,Large,outsider,chaotic,demon,evil,extraplanar,,,25,13,21,189,14d10+112,12,13,14,+1 wounding spear +21/+16/+11 (2d6+10/19-20/x3 plus 1 bleed) or 2 claws +19 (1d6+6),+1 wounding spear +19 (2d6+6/19-20/x3 plus 1 bleed),10,10,23,18,27,14,17,17,"Blind-Fight, Cleave, Great Cleave, Improved Critical (spear), Iron Will, Power Attack, Weapon Focus (spear)","Diplomacy +20, Escape Artist +18, Fly +23, Knowledge (arcana) +19, Perception +28, Spellcraft +16, Stealth +17, Survival +20",+8 Perception,"Abyssal, Celestial, Draconic; telepathy 100 ft.",,any (Abyss),solitary or troupe (1 aeshma and 1-4 vrocks),standard,Demon,+1 wounding spear,,0,0,"40 ft., fly 60 ft. (good)",40,,good,,,,,1,1,0,0,0,,,NULL,,2430,0,0,0,0,Tome of Horrors Complete,,
Afanc,17,"102,4",,,,,,N,Colossal,magical beast,aquatic,,,,,,23,3,22,333,23d10+207,22,14,11,"bite +32 (5d6+16), 2 claws +31 (2d8+16)",,100,20,42,13,28,3,15,10,"Alertness, Cleave, Diehard, Endurance, Greater Sunder, Improved Critical (bite), Improved Natural Attack (bite), Improved Sunder, Iron Will, Power Attack, Swim-By Attack, Weapon Focus (bite)","Perception +28, Swim +24",,telepathy 100 ft.,,any aquatic,solitary,incidental,,,,0,0,"5 ft., swim 60 ft.",5,,,,60,,,1,0,0,0,1,,,NULL,,1845,0,0,0,0,Tome of Horrors Complete,,
Agathion,4,"1,2",,,,,,NG,Medium,outsider,aquatic,extraplanar,good,,,,17,13,14,38,7d10,2,8,8,2 claws +10 (1d10+3),,5,5,14,17,11,14,16,9,"Agile Maneuvers, Improved Initiative, Self-Sufficient, Weapon Finesse","Bluff +9, Heal +5, Intimidate +6, Knowledge (geography) +7, Knowledge (nature) +7, Knowledge (planes) +12, Perception +11, Sense Motive +13, Stealth +12, Survival +12, Swim +10",,"Celestial, Common, Draconic, Infernal; speak with animals; truespeech","amphibious, lay on hands (3d6, 2/day, as a 7th-level paladin)",any waters (Nirvana),"solitary, pair, or contingent (6-8)",standard,Bishop,,,0,0,"30 ft., swim 60 ft.",30,,,,,,,1,0,0,0,1,,,NULL,,3352,0,0,0,0,AP 61,,
Aghash,4,"1,2",,,,,,NE,Medium,outsider,div,evil,extraplanar,,,,18,12,16,42,5d10+15,4,6,7,2 claws +8 (1d6+2),,5,5,14,15,16,13,13,18,"Alertness, Iron Will, Weapon Focus (claw)","Bluff +10, Disguise +12, Intimidate +10, Knowledge (arcana) +7, Knowledge (planes) +7, Perception +11, Sense Motive +9, Spellcraft +9, Stealth +10",,"Abyssal, Celestial, Infernal; telepathy 100 ft.",,any (Abaddon),solitary,standard,Div,,,0,0,30 ft.,30,,,,,,,1,0,0,0,0,,,NULL,,2028,0,0,0,0,PFRPG Bestiary 3,,
Aghasura,11,"12,8",,,,,,LE,Huge,outsider,asura,evil,extraplanar,lawful,,,23,11,20,161,14d10+84,15,9,11,"2 mwk scimitars +26 (2d6+12/15-20 plus poison), bite +19 (2d8+6 plus grab and poison)",,15,15,34,17,23,11,14,18,"Cleave, Critical Focus, Great Cleave, Improved Critical (scimitar), Lightning Reflexes, Power Attack, Weapon Focus (scimitar)","Acrobatics +17, Bluff +19, Escape Artist +6, Intimidate +17, Knowledge (planes) +13, Perception +19, Sense Motive +19, Stealth +9, Swim +17","+6 Escape Artist, +4 Perception","Common, Infernal; telepathy 100 ft.",,any (Hell),solitary or troop (2-9),"standard (masterwork breastplate, 2 masterwork scimitars, other treasure)",Asura,,,0,0,"35 ft., swim 20 ft.",35,,,,,,,1,0,0,0,1,,,NULL,,1973,0,0,0,0,PFRPG Bestiary 3,,
Agyra,27,"3,276,800",,,,,,CN,Colossal,magical beast,air,kaiju,,,,,45,9,38,656,32d10+480,33,25,21,"2 bites +41 (6d6+17/19-20), 2 talons +41 (3d8+17), tail slap +36 (10d6+8/19-20 plus bleed)",,50,50 (75 with tail),44,25,41,3,29,25,"Combat Reflexes, Critical Focus, Greater Bull Rush, Greater Vital Strike, Hover, Improved Bull Rush, Improved Critical (tail slap), Improved Critical (bite), Improved Initiative, Improved Iron Will, Improved Vital Strike, Iron Will, Power Attack, Staggering Critical, Vital Strike, Wingover","Fly +24, Perception +38",+16 Perception,Auran (can't speak),"massive, storm flier",warm mountains,solitary (unique),incidental,Kaiju,,,0,0,"80 ft., fly 200 ft. (average), swift flight",80,200,average,,,,swift flight,1,1,0,0,0,NULL,,NULL,,5275,0,0,0,0,PFRPG Bestiary 4,,
Ahlinni,4,"1,2",,,,,,CN,Medium,magical beast,,,,,,,17,11,16,30,4d10+8,6,5,1,bite +7 (1d8+2),,5,5,15,13,14,6,10,10,"Skill Focus (Perception), Weapon Focus (bite)","Acrobatics +5, Climb +14, Perception +7, Stealth +5 (+15 in trees)",+10 Stealth when in trees large enough to conceal it,birdsong,,temperate or cold forests and marshes,"solitary, pair, or flock (4-7)",no coins, standard goods (gems only), no items,,,,0,0,"40 ft., climb 20 ft.",40,,,20,,,,1,0,1,0,0,,,NULL,,1846,0,0,0,0,Tome of Horrors Complete
Ahuizotl,6,"2,4",,,,,,NE,Large,magical beast,aquatic,,,,,,19,12,16,68,8d10+24,9,9,4,"bite +12 (2d6+5), claw +12 (1d8+5/19-20 plus grab)",,10,5 (10 with tail),20,17,17,9,14,16,"Blinding CriticalB, Combat Reflexes, Improved Critical (claw)B, Improved Initiative, Skill Focus (Stealth), Stand Still","Bluff +9, Stealth +9, Swim +20",+6 Bluff,Common,"amphibious, tenacious grapple, voice mimicry","warm lakes, rivers, or swamps",solitary,standard,,,,0,0,"30 ft., swim 50 ft.",30,,,,50,,,1,0,0,0,1,,,NULL,,1961,0,0,0,0,PFRPG Bestiary 3,,
Air Elemental Construct,13,"25,6",,,,,,N,Huge,construct,air,elemental,extraplanar,,,,30,19,19,205,30d10+40,10,21,10,2 slams +36 (2d6+8),,15,15,27,33,0,0,11,1,,Fly +15,,,,Plane of Air,solitary,none,Elemental Construct,,,0,0,fly 100 ft. (perfect),,100,,,,,,0,1,0,0,0,,,NULL,,2574,0,0,0,0,Tome of Horrors Complete,,
Akata,1,400,,,,,,N,Medium,aberration,,,,,,,13,12,11,15,2d8+6,3,2,4,"bite +2 (1d6+1 plus void bite), 2 tentacles -3 (1d3)",,5,5,12,15,16,3,12,11,Improved Initiative,"Acrobatics +6 (+10 jump), Climb +9, Stealth +10",+4 Stealth,,hibernation,any,"solitary, pair, or pack (3-30)",standard,,,,0,0,"40 ft., climb 20 ft.",40,,,20,,,,1,0,1,0,0,,,NULL,,1092,0,0,0,0,PFRPG Bestiary 2,,
Akhana,12,"19,2",,,,,,N,Medium,outsider,aeon,extraplanar,,,,,27,18,21,148,11d10+88,17,11,14,4 claws +16 (1d4+5 plus grab),,5,5,21,23,26,16,21,18,"Combat Reflexes, Great Fortitude, Hover, Improved Initiative, Iron Will, Lightning Reflexes","Bluff +18, Fly +2, Heal +19, Intimidate +18, Knowledge (planes) +22, Knowledge (religion) +22, Perception +19, Sense Motive +19, Spellcraft +17, Stealth +20",,envisaging,"extension of all, void form",any (Outer Planes),"solitary, pair, or collective (3-6)",none,Aeon,,,0,0,"30 ft., fly 40 ft. (poor)",30,40,poor,,,,,1,1,0,0,0,,,NULL,,1081,0,0,0,0,PFRPG Bestiary 2,,
Akhlut,13,"25,6",,,,,,N,Huge,magical beast,cold,shapechanger,,,,,29,11,26,189,18d10+90,16,13,10,bite +27 (4d8+15/15-20 plus 4d6 cold and grab),,15,10,31,15,20,4,15,6,"Dodge, Improved Critical (bite), Improved Initiative, Improved Vital Strike, Iron Will, Power Attack, Skill Focus (Stealth), Vital Strike, Weapon Focus (bite)","Acrobatics +8 (+12 when jumping), Perception +14, Stealth +16 (+28 in snow), Swim +18","+4 Perception, +12 Stealth in snow",,"change shape (orca; beast shape III), hold breath, snow walking Languages Aquan (cannot speak)","cold lakes, plains, or oceans",solitary,none,,,,0,0,"40 ft., swim 60 ft.",40,,,,60,,,1,0,0,0,1,,,NULL,,1962,0,0,0,0,PFRPG Bestiary 3,,
Akvan,20,"307,2",,,,,,NE,Gargantuan,outsider,div,evil,extraplanar,,,,38,10,34,372,24d10+240,18,22,21,"bite +32 (2d8+12 plus grab/19-20), 2 claws +32 (2d6+12), tail slap +30 (2d10+6)",,20,20 (25 with tail),35,26,30,19,24,27,"Awesome Blow, Cleave, Combat Reflexes, Critical Focus, Great Cleave, Improved Bull Rush, Improved Initiative, Improved Critical (bite), Multiattack, Power Attack, Staggering Critical, Stunning Critical","Acrobatics +28 (+36 when jumping), Bluff +43, Diplomacy +31, Fly +27, Intimidate +31, Knowledge (arcana) +31, Knowledge (planes) +31, Knowledge (religion) +19, Perception +34, Sense Motive +30, Spellcraft +22, Use Magic Device +23","+8 Acrobatics when jumping, +8 Bluff","Abyssal, Celestial, Common, Draconic, Infernal; telepathy 100 ft.",armor training 4,any (Abaddon),solitary,"standard (+5 half-plate, other treasure)",Div,,,0,0,"50 ft., fly 120 ft. (good)",50,,good,,,,,1,1,0,0,0,,,NULL,,2029,0,0,0,0,PFRPG Bestiary 3,,
Alastor,25,820,,,,,,LE,Large,outsider,devil,evil,extraplanar,lawful,,,48,25,40,660,40d10+440,26,32,34,"+3 unholy vorpal battleaxe +59/+54/+49/+44 (2d6+19/19-20/x3) or 2 claws +55 (2d6+16), bite +55 (4d6+16 plus poison and disease), 2 wings +53 (2d6+16), tail slap +53 (2d8+24 plus grab)",,10,10,43,27,33,28,30,26,"Alertness, Awesome Blow, Bleeding Critical, Cleave, Critical Focus, Diehard, Endurance, Great Cleave, Great Fortitude, Improved Bull Rush, Improved Critical (battleaxe), Improved Initiative, Iron Will, Lightning Reflexes, Multiattack, Persuasive, Power Attack, Quicken Spell-Like Ability (power word stun), Quicken Spell-Like Ability (fireball), Weapon Focus (battleaxe)","Acrobatics +51, Bluff +51, Diplomacy +55, Disguise +51, Fly +49, Intimidate +55, Knowledge (arcana) +49, Knowledge (local) +49, Knowledge (planes) +52, Knowledge (religion) +49, Perception +57, Sense Motive +57, Spellcraft +49, Stealth +47, Survival +50",,"Abyssal, Common, Celestial, Draconic, Giant, Ignan, Infernal, Terran; telepathy 100 ft.",,any (Hell),solitary or retinue (Alastor plus 1d2 pit fiends),double standard,Devil,Grimfang,,0,0,"40 ft., fly 60 ft. (average)",40,,average,,,,,1,1,0,0,0,,,NULL,,2479,0,0,0,0,Tome of Horrors Complete,,
Albino Cave Solifugid,4,"1,2",,,,,,N,Medium,vermin,,,,,,,17,11,16,45,6d8+18,8,3,2,"bite +7 (1d8+3), 2 claws +7 (1d4+3)",,5,5,16,13,17,0,11,2,,"Climb +11, Perception +4, Stealth +5","+4 Perception, +4 Stealth",,,any underground,"solitary, pair, or colony (3-6)",none,Solifugid,,,0,0,"50 ft., climb 30 ft.",50,,,30,,,,1,0,1,0,0,,,NULL,,1358,0,0,0,0,PFRPG Bestiary 2,,
Albino Cave Spider,0.50,200,,,,,,N,Tiny,vermin,,,,,,,17,16,13,4,1d8,2,4,0,bite +6 (1d3-3 plus poison),,2.50,2.50,4,18,10,0,10,3,Weapon Finesse B,"Acrobatics +4 (+12 jump), Climb +12, Stealth +16","+8 to Acrobatics when jumping, +4 Perception, +4 Stealth; use Dex to modify Climb",,,underground,solitary or nest (2-20),standard,Spider,,,0,0,"20 ft., climb 10 ft.",20,,,,,,,1,0,1,0,0,NULL,,NULL,,5067,0,0,0,0,Tome of Horrors 4,,
Alchemical Golem,9,"6,4",,,,,,N,Large,construct,,,,,,,23,13,19,96,12d10+30,4,8,4,2 slams +19 (2d8+8 plus alchemy),bomb +15 (8d6 energy damage),10,10,27,18,0,0,11,1,,,,,,any,solitary or gang (2-4),none,Golem,,,0,0,30 ft.,30,,,,,,,1,0,0,0,0,NULL,,NULL,,1234,0,0,0,0,PFRPG Bestiary 2,,
Algant,7,"3,2",,,,,,NG,Huge,plant,aquatic,,,,,,20,10,18,95,10d8+50,12,5,7,slam +12 (2d6+10/19-20 plus grab),,15,10,25,14,21,12,15,12,"Alertness, Endurance, Improved Critical (slam)B, Iron Will, Power Attack, Swim-By Attack","Diplomacy +7, Intimidate +7, Knowledge (nature) +7, Perception +11, Sense Motive +8, Stealth +1 (+17 in native environs), Swim +15",+16 Stealth in native environment,"Algant, Aquan, Common","amphibious, animate plants, double damage against objects, plantspeech",any freshwater,solitary or patch (2-7),standard,Plant Guardian,,,0,0,"10 ft., swim 30 ft.",10,,,,,,,1,0,0,0,1,,,NULL,,5031,0,0,0,0,Tome of Horrors 4,,
Algidarch,5,"1,6",,,,,,CE,Large,humanoid,cold,giant,,,,,16,9,16,66,7d8+28 plus 7,9,2,4,greatsword +10 (3d6+9) or 2 slams +10 (1d6+6 plus 1d6 cold),,10,10,22,10,18,10,11,12,"Intimidating Prowess, Iron Will, Power Attack, Toughness","Climb +6, Intimidate +7, Perception +7, Stealth +1 (+5 in snow), Survival +5",+4 Stealth in snow,Giant,,cold hills and moutains,"solitary, pair, gang (3-4), hunting band (3-4 plus 5-8 frost men, 1-2 winter wolves), or tribe (5-16 plus 50% noncombatants, 4-8 frost men, 4-6 winter wolves, plus 1 adept, cleric, or sorcerer of 3rd-5th level; 1 barbarian of 4th-6th level)","standard (greatsword, other treasure)",,,,0,0,40 ft.,40,,,,,,,1,0,0,0,0,NULL,,NULL,,4700,0,0,0,0,Tome of Horrors 4,,
Algoid,4,"1,2",,,,,,N,Medium,plant,,,,,,,15,10,15,42,5d8+20,7,1,3,slam +7 melee (1d8+4),,5,5,19,10,16,4,10,10,"Iron Will, Skill Focus (Perception), Toughness","Stealth +10 (+18 in a swampy or forested area), Perception +10","+4 Perception, +4 Stealth (+12 in a swampy or forested area)",Common (does not speak),,temperate marshes,"solitary, pair, or cluster (3-6)",50% standard,,,,0,0,20 ft.,20,,,,,,,1,0,0,0,0,,,NULL,,972,0,0,0,0,TOH1,,
Algoid,4,"1,2",,,,,,N,Medium,plant,fungus,psionic,,,,,16,10,16,37,5d8+15,7,1,3,2 slams +8 (1d6+4),,5,5,19,10,16,4,10,10,"Iron Will, Skill Focus (Perception), Weapon Focus (slam)","Perception +12, Stealth +10 (+18 in swamps and forests)","+4 Perception, +4 Stealth (+12 Stealth in swamps and forests)",Common (can't speak),,temperate marshes,"solitary, pair or cluster (3-6)",standard,,,,0,0,20 ft.,20,,,,,,,1,0,0,0,0,,,NULL,,1847,0,0,0,0,Tome of Horrors Complete,,
Allip,3,800,,,,,,CE,Medium,undead,incorporeal,,,,,,14,14,13,30,4d8+12,4,4,4,incorporeal touch +4 (1d4 Wisdom damage),,5,5,0,12,0,11,11,16,"Improved Initiative, Lightning Reflexes","Fly +16, Intimidate +10, Perception +7, Stealth +8",,"Aklo, Common",madness,any,"solitary, pair, or haunt (3-6)",incidental,,,,0,0,fly 30 ft. (perfect),,30,perfect,,,,,0,1,0,0,0,,,NULL,,1963,0,0,0,0,PFRPG Bestiary 3,,
Allosaurus,7,"3,2",,,,,,N,Huge,animal,,,,,,,19,9,18,93,11d8+44,11,8,7,"bite +14 (2d6+8/19-20 plus grab), 2 claws +4 (1d8+8)",,15,15,26,13,19,2,15,10,"Alertness, Improved Critical (bite), Improved Initiative, Iron Will, Nimble Moves, Run",Perception +30,+8 Perception,,,temperate or warm forests or plains,"solitary, pair, or pack (3-6)",None,Dinosaur,,,0,0,50 ft.,50,,,,,,,1,0,0,0,0,,,NULL,,1166,0,0,0,0,PFRPG Bestiary 2,,
Almiraj,1,400,,,,,,N,Small,magical beast,,,,,,,13,13,11,13,2d10+2,4,5,0,+1 gore +6 (2d4-1),,5,5,6,15,12,5,11,6,Weapon Finesse,"Acrobatics +6 (+14 when jumping), Perception +4, Stealth +14","+8 Acrobatics when jumping, +4 Perception, +4 Stealth",Sylvan (can't speak),hex-prone,"temperate hills, plains, or forests",solitary,incidental (magic horn),,,,0,0,"30 ft., burrow 10 ft.",30,,,,,,,1,0,0,1,0,NULL,,NULL,,5135,0,0,0,0,PFRPG Bestiary 4,,
Al-mi'raj,0.50,200,,,,,,N,Small,magical beast,,,,,,,14,14,11,6,1d10+1,3,5,1,gore +5 (1d4-2),,5,5,6,17,12,5,12,6,Weapon Finesse,"Perception +5, Stealth +11, Survival +1 (+5 when tracking by scent)","+4 Perception, +4 Survival when tracking by scent",,dimension door,temperate plains,solitary or warren (2-20),none,,,,0,0,40 ft.,40,,,,,,,1,0,0,0,0,,,NULL,,1848,0,0,0,0,Tome of Horrors Complete,,
Al-Mi'raj,1,400,,,,,,N,Small,magical beast,,,,,,,14,14,11,6,1d10+1,3,5,1,gore +5 (1d4-2),,5,5,6,17,12,5,12,6,"Nimble MovesB, Weapon Finesse","Stealth +8, Perception +6, Survival +2",+4 Perception,,,temperate plains,"solitary, warren (2-20)",none,,,,0,0,40 ft.,40,,,,,,,1,0,0,0,0,,,NULL,,973,0,0,0,0,TOH1,,
Alpluachra,0.50,200,,,,,,CN,Diminutive,fey,aquatic,,,,,,15,15,14,5,1d6+2,2,3,2,bite +1 (1d2-3),,5,5,4,13,14,4,11,11,Skill Focus (Stealth),"Escape Artist +5, Perception +4, Stealth +20, Swim +5",,Aklo,amphibious,temperate forests or fresh water,solitary,none,,,,0,0,"10 ft., swim 10 ft.",10,,,,,,,1,0,0,0,1,NULL,,NULL,,5136,0,0,0,0,PFRPG Bestiary 4,,
Alraune,13,"25,6",,,,,,NE,Large,plant,,,,,,,27,10,26,199,19d8+114,17,9,11,4 vines +20 (1d10+7 plus grab and bleed),,10,10,24,13,22,10,17,21,"Alertness, Cleave, Deceitful, Great Cleave, Improved Initiative, Iron Will, Lightning Reflexes, Power Attack, Quicken Spell-Like Ability (glitterdust), Vital Strike","Bluff +16, Disguise +9, Knowledge (nature) +9, Perception +17, Sense Motive +14",,"Aklo, Common, Elven, Sylvan",,temperate forests,solitary,standard,,,,0,0,40 ft.,40,,,,,,,1,0,0,0,0,,,NULL,,1964,0,0,0,0,PFRPG Bestiary 3,,
Alu-Demon,3,800,,,,,,CE,Medium,outsider,chaotic,demon,evil,extraplanar,,,18,12,16,45,6d10+12,6,6,4,longsword +9/+4 (1d8+3/19-20) or 2 claws +9 (1d6+3 plus vampiric touch),,5,5,17,15,15,15,15,16,"Blind-Fight, Cleave, Power Attack","Bluff +11, Diplomacy +12, Escape Artist +11, Fly +6, Intimidate +12, Knowledge (planes) +11, Perception +15, Stealth +11, Survival +11",+4 Perception,"Abyssal, Common; telepathy 100 ft.",,any (Abyss),solitary,standard,Demon,longsword,,0,0,"30 ft., fly 50 ft. (average)",30,,average,,,,,1,1,0,0,0,,,NULL,,2431,0,0,0,0,Tome of Horrors Complete,,
Aluum,10,"9,6",,,,,,N,Large,construct,,,,,,,25,10,24,107,14d10+30,4,5,4,2 slams +21 (2d10+8 plus paralysis),,10,10,27,12,0,0,11,1,,,,,,any,solitary or squad (3-4),none,,,,0,0,30 ft.,30,,,,,,,1,0,0,0,0,,,NULL,,1508,0,0,0,0,Inner Sea World Guide,,
Amaimon Devil,8,"4,8",,,,,,LE,Large,outsider,devil,evil,extraplanar,lawful,,,23,13,19,94,9d10+45,8,10,8,"2 claws +16 (1d8+7), bite +15 (2d6+7)",,10,10,24,18,21,14,14,12,"Alertness, Deceitful, Improved Initiative, Power Attack, Weapon Focus (claw)","Acrobatics +13, Bluff +15, Diplomacy +13, Disguise +3, Intimidate +13, Knowledge (planes) +14, Perception +16, Sense Motive +16, Survival +14",,"Common, Draconic, Infernal; telepathy 100 ft.",,any (Hell),"solitary, pair, or gang (2-4)",standard,Devil,,,0,0,40 ft.,40,,,,,,,1,0,0,0,0,,,NULL,,2470,0,0,0,0,Tome of Horrors Complete,,
Amalgamation,20,"307,2",,,,,,N,Gargantuan,construct,,,,,,,25,25,16,225,30d10+60,10,19,15,varies +33 (damage by weapon),varies +35 (damage by weapon),20,15,24,28,0,0,20,1,,,,,item use,underground,solitary,standard (varies with individual Amalgamation),,,,0,0,"10 ft., fly 50 ft. (perfect)",10,,perfect,,,,,1,1,0,0,0,NULL,,NULL,,4701,0,0,0,0,Tome of Horrors 4,,
Amber Ooze,1,400,,,,,,N,Diminutive,ooze,,,,,,,14,14,14,6,1d8+2,2,0,-5,,,1,0,4,10,14,0,1,1,,,,,,any temperate or warm land,solitary,none,Ooze,,,0,0,10 ft.,10,,,,,,,1,0,0,0,0,,,NULL,,2910,0,0,0,0,Tome of Horrors Complete,,
Amber Skeleton,6,"2,4",,,,,,N,Medium,construct,,,,,,,21,9,21,69,9d10+20,3,2,3,spear +14/+9 (1d8+7 plus 2d6 fire) or 2 slams +14 (1d8+5 plus 2d6 fire),,5,5,21,9,0,0,11,1,,,,,,any,solitary or gang (2-5),none,,,,0,0,30 ft.,30,,,,,,,1,0,0,0,0,,,NULL,,4712,0,0,0,0,Tome of Horrors 4,,
Amoeba Swarm,1,400,,,,,,N,Fine,ooze,swarm,,,,,,13,13,13,9,2d8,0,-5,-5,swarm (1d6 acid plus distraction),,10,0,1,1,10,0,1,1,,"Climb +3, Swim +3",,,amphibious,any land or underground,solitary or colony (2-5),none,Amoeba,,,0,0,"10 ft., climb 10 ft., swim 20 ft.",10,,,10,20,,,1,0,1,0,1,,,NULL,,1094,0,0,0,0,PFRPG Bestiary 2,,
"Amoeba, Giant",1,400,,,,,,N,Small,ooze,aquatic,,,,,,6,6,6,15,2d8+6,3,-5,-5,slam +3 (1d3+1 plus 1d3 acid and grab),,5,5,12,1,16,0,1,1,,"Climb +9, Swim +9",,,amphibious,any land or underground,solitary or colony (2-9),none,,,,0,0,"10 ft., climb 10 ft., swim 20 ft.",10,,,10,20,,,1,0,1,0,1,,,NULL,,1093,0,0,0,0,PFRPG Bestiary 2,,
Amon,25,"1,640,000",,,,,,LE,Large,outsider,devil,evil,extraplanar,lawful,,,44,24,36,434,28d10+280,21,24,25,"Huge +4 axiomatic thundering heavy mace +45/+40/+35/+30 (3d6+30/19-20), bite +35 (2d6+6)",,10,10,36,27,31,26,25,25,"Alertness, Blind-Fight, Cleave, Critical Focus, Great Cleave, Great Fortitude, Improved Critical (heavy mace), Improved Initiative, Improved Vital Strike, Iron Will, Power Attack, Quicken Spell-Like Ability (fireball), Vital Strike, Weapon Focus (heavy mace)","Acrobatics +39, Bluff +38, Climb +41, Diplomacy +38, Escape Artist +36, Intimidate +38, Knowledge (arcana) +36, Knowledge (local) +39, Knowledge (planes) +39, Knowledge (religion) +36, Perception +42, Sense Motive +42, Stealth +35, Survival +35",,"Abyssal, Celestial, Common, Draconic, Goblin, Ignan, Infernal; telepathy 100 ft.",control wolves,any (Hell),"solitary or troupe (Amon plus one 18-HD winter wolf, 4-8 bone devils, and 3-7 dire wolves or 5-12 wolves)",double standard,Devil,Craver,,0,0,60 ft.,60,,,,,,,1,0,0,0,0,,,NULL,,2478,0,0,0,0,Tome of Horrors Complete,,
Amphisbaena,4,"1,2",,,,,,N,Large,magical beast,,,,,,,19,11,17,45,6d10+12,6,7,3,2 bites +8 (1d8+2 plus poison),,10,5,14,15,13,2,13,4,"Skill Focus (Stealth), Toughness, Weapon Focus (bite)","Acrobatics +10 (+6 jump), Climb +10, Perception +11, Stealth +11, Swim +10","+8 Acrobatics, +4 Perception, +4 Stealth",,,temperate hills or underground,solitary or pack (2-5),incidental,,,,0,0,"20 ft., climb 20 ft., swim 20 ft.",20,,,20,20,,,1,0,1,0,1,,,NULL,,1095,0,0,0,0,PFRPG Bestiary 2,,
Amphisbaena,4,"1,2",,,,,,N,Large,magical beast,,,,,,,17,11,15,42,5d10+10 plus 5,6,6,2,2 bites +8 (1d8+3 plus poison),,10,5,17,15,14,2,12,2,"Lunge, Toughness, Weapon Focus (bite)","Acrobatics +2 (-2 jump, +6 when balancing), Climb +11, Perception +9, Stealth +9, Swim +11","+4 Acrobatics when balancing, +4 Perception, +4 Stealth",,,underground,solitary or pack (2-4),none,,,,0,0,"20 ft., climb 20ft., swim 20 ft.",20,,,20,20,,,1,0,1,0,1,,,NULL,,1849,0,0,0,0,Tome of Horrors Complete,,
Ancient Black Dragon,16,"76,8",,,,,,CE,Huge,dragon,water,,,,,,38,8,38,297,22d12+154,20,13,18,"bite +32 (2d8+16 plus 4d6 acid), 2 claws +31 (2d6+11), 2 wings +29 (1d8+5), tail +29 (2d6+16)",,15,10 (15 with bite),33,10,25,18,21,18,"Alertness, Combat Expertise, Flyby Attack, Greater Vital Strike, Improved Initiative, Improved Vital Strike, Multiattack, Power Attack, Skill Focus (Stealth), Vital Strike, Weapon Focus (bite)","Fly +17, Handle Animal +26, Intimidate +29, Knowledge (arcana) +29, Knowledge (history) +29, Knowledge (geography) +29, Perception +34, Spellcraft +29, Stealth +23, Swim +44",,"Common, Draconic, Giant, Goblin, Orc","speak with reptiles, swamp stride, water breathing",warm marshes,solitary,triple,Chromatic Dragon,,,0,0,"60 ft., fly 200 ft. (poor), swim 60 ft.",60,200,poor,,60,,,1,1,0,0,1,,,NULL,,113,0,0,0,0,PFRPG Bestiary,,
Ancient Blue Dragon,18,"153,6",,,,,,LE,Gargantuan,dragon,earth,,,,,,37,5,37,324,24d12+168,21,13,19,"bite +33 (4d6+18/19-20), 2 claws +32 (2d8+12), 2 wings +30 (2d6+6), tail slap +30 (2d8+18)",,20,15 (20 with bite),35,8,25,20,21,20,"Combat Casting, Dazzling Display, Deadly Stroke, Extend Spell, Hover, Improved Critical (bite), Improved Initiative, Multiattack, Quicken Spell, Silent Spell, Shatter Defenses, Weapon Focus (bite)","Bluff +32, Fly +10, Intimidate +32, Knowledge (arcana) +32, Knowledge (history) +32, Knowledge (local) +32, Knowledge (geography) +32, Perception +32, Spellcraft +32, Stealth +14, Survival +32",,"Auran, Common, Draconic, Giant, Ignan, Infernal",sound imitation,warm deserts,solitary,triple,Chromatic Dragon,,,0,0,"40 ft., burrow 20 ft., fly 250 ft. (clumsy)",40,250,clumsy,,,20,,1,1,0,1,0,,,NULL,,116,0,0,0,0,PFRPG Bestiary,,
Ancient Brass Dragon,16,"76,8",,,,,,CG,Huge,dragon,fire,,,,,,38,8,38,297,22d12+154,20,13,18,"bite +31 (2d8+16), 2 claws +31 (2d6+11), 2 wings +29 (1d8+5), tail slap +29 (2d6+16)",,5,5,33,10,25,20,21,20,"Alertness, Flyby Attack, Greater Spell Focus (enchant), Hover, Improved Initiative, Improved Vital Strike, Multiattack, Power Attack, Quicken Spell, Spell Focus (enchant), Vital Strike","Bluff +30, Diplomacy +30, Fly +17, Heal +30, Knowledge (local, history) +30, Linguistics +30, Perception +34, Sense Motive +34, Spellcraft +30, Survival +30",,"Common, Draconic, plus any 22 others",move sand,warm deserts,solitary,triple,Metallic Dragon,,,0,0,"60 ft., burrow 30 ft., fly 200 ft. (poor)",60,200,poor,,,30,,1,1,0,1,0,,,NULL,,130,0,0,0,0,PFRPG Bestiary,,
Ancient Brine Dragon,16,"76,8",,,,,,LN,Huge,dragon,extraplanar,water,,,,,37,7,37,275,22d12+132,19,14,18,"bite +34 (2d8+21 plus 1d2 Str), 2 claws +34 (2d6+14), tail slap +29 (2d6+21), 2 wings +29 (1d8+7)",,15,10 (15 with bite),38,9,23,23,20,21,"Awesome Blow, Greater Vital Strike, Hover, Improved Bull Rush, Improved Initiative, Improved Vital Strike, Lightning Reflexes, Power Attack, Skill Focus (Swim), Vital Strike, Wingover","Bluff +30, Diplomacy +30, Fly +16, Heal +30, Knowledge (arcana) +31, Knowledge (geography) +31, Knowledge (nature) +31, Perception +30, Sense Motive +30, Survival +30, Swim +53, Use Magic Device +30",,"Aquan, Common, Draconic, Dwarven, Elven, Gnome, Halfling",water breathing,any aquatic (Plane of Water),solitary,triple,Primal Dragon,,,0,0,"60 ft., fly 200 ft. (poor), swim 60 ft.",60,200,,,,,,1,1,0,0,1,,,NULL,,1172,0,0,0,0,PFRPG Bestiary 2,,
Ancient Bronze Dragon,18,"153,6",,,,,,LG,Gargantuan,dragon,water,,,,,,37,5,37,324,24d12+168,21,13,21,"bite +32 (4d6+18/19-20), 2 claws +32 (2d8+12/19-20), 2 wings +30 (2d6+6), tail slap +30 (2d8+18)",,20,15 (20 with bite),35,8,25,24,25,24,"Alertness, Cleave, Flyby Attack, Great Cleave, Hover, Improved Critical (bite, claw), Improved Initiative, Improved Vital Strike, Multiattack, Power Attack, Vital Strike","Diplomacy +34, Fly +10, Handle Animals +31, Heal +34, Intimidate +34, Knowledge (arcana, geography, history) +34, Perception +38, Sense Motive +38, Spellcraft +34, Stealth +14, Swim +47",,"Aquan, Common, Draconic, Elven, Gnome, 3 more","change shape, water breathing, wave mastery",temperate coastlines,solitary,triple,Metallic Dragon,,,0,0,"40 ft., fly 250 ft. (clum.), sw. 60 ft.",40,250,clumsy,,60,,,1,1,0,0,0,,,NULL,,133,0,0,0,0,PFRPG Bestiary,,
